Fecha de la estad√≠a: julio de 2021,50,Experiencia inolvidable,"Excelente estad√≠a, el servicio del personal muy amable.Definitivamente lo recomiendo tienen que venir con su pareja,van a pasarla bien,nos relajamos mucho yo y mi esposa esperemos que dios nos de licencia de regresar nuevamente y sin sargazo."
Fecha de la estad√≠a: mayo de 2021,50,arte y energ√≠a en un mismo lugarü§ç,"Desde que me contacte con Natalia Jara y Vicente nos dieron una atenci√≥n inigualable, tanto en la reserva y explicaci√≥n de las habitaciones que ten√≠an disponibles hasta para el Parking, no te dejas de sorprender de la cantidad de arte y energ√≠a qu√© hay en el lugar y que se logra apreciar y transmite en la totalidad de sus espacios como de sus √°ngeles y todo el personal, los restaurantes cada uno con especialidades y men√∫s diferentes pero los dos los recomiendo me encanto mucho el japon√©s despu√©s de ver el Sunset en uno de los nidos qu√© hay que tambi√©n es algo que no se pueden perder , es uno de los planes m√°s especiales del lugar, junto con la bienvenida y el ritual de limpieza de energ√≠as, me quedo corta al describir este espacio que me atrapo desde el d√≠a 1, las habitaciones con vista al mar pues woooow sin palabras, la verdad tienen que vivirlo, no se arrepentir√°n, espero volver pronto y encontrarme de nuevo con la atenci√≥n y hospitalidad de Vicente y de todo su personal .  Gracias!!!!üëèüèΩüôåüèΩ‚ù§Ô∏è‚Ä¶"
Fecha de la estad√≠a: julio de 2021,50,Excelente,"Excelente servicio, gracias a todo el personal, las instalaciones son increibles y el concepto inigualable, paz tranquilidad, reconeccion  con la naturaleza, con uno mismo y con la pareja. Felicidades !!! Regreso definitivamente. Recomendable 100%"
Fecha de la estad√≠a: junio de 2021,50,Azulik,"Todo estuvo incre√≠ble y me gusto mucho todo el concepto y sobre todo la atenci√≥n que nos brindaron, la comida es excelente y el servicio por parte de luciano que nos atendi√≥ toda la tarde y la atenci√≥n del gerente andy estuvo de maravilla üôåüèº Lo s√∫per recomiendo ‚ù§Ô∏èüòç"
Fecha de la estad√≠a: junio de 2021,50,Excelente visita,Azulik es un lugar m√°gico donde puedes estar en contacto con la naturaleza. El ambiente es original y diferente ya que cuenta con una arquitectura inesperada. La atenci√≥n del staff es excelente; as√≠ como la comida es deliciosa.
Fecha de la estad√≠a: junio de 2021,50,A1 tseen ja,"Cenamos en el restaurant tseen ja y nos encanto, la comida y el servicio fue A1. Nuestro mesero Luciano nos atendio muy bien y el gerente Andy fue muy cordial en darnos un tour por la propiedad. Gracias por una gran experiencia y volveremos pronto."
Fecha de la estad√≠a: junio de 2021,50,Excelente,"Excelente servicio por Luciano!! Totalmente recomendable el restaurante y su servicio!! Buena comida, ambiente y bebida! Recomiendo los edamames trufados que son EXCELENTES!!! Un ambiente tropical y chulo"
Fecha de la estad√≠a: junio de 2021,50,Grandiosa Experiencia!!,"Grandiosa experiencia, el contacto con la naturaleza te sensibiliza, las habitaciones proyectan un dise√±o muy org√°nico, s√∫per c√≥modo y rom√°ntico. El restaurante Kin Toh es magn√≠fico.!! Gracias a el capit√°n Jes√∫s por el servicio, la comida deliciosa y el lugar s√∫per lindo con un paisaje hermoso."
Fecha de la estad√≠a: junio de 2021,50,"FORMAR PARTE DE LA TRIBU ES UNA EXPERIENCIA  UNICA,","Azulik es definitivamente un lugar iconico y unico en Tulum. Tras visitarlo lo consideramos no solo un hotel, si no toda una experiencia. Mis favoritos en esta experiencia fueron:* En cuanto al servicio del personal, fueron ""los angeles"" (el concierge) quienes prestan atencion y comunicacion constante via whatsapp. Responden rapido a cualquier requerimiento.  Michell fue muy simpatica.* Los bartenders que atienden en el bar MANTLI son unos chicos geniales, ofrecen una muy buena degustacion de  mezcal y hacen muy buenos tragos durante la experiencia del sunset. Son lo maximo, lamentablemente no recuerdo sus nombres.  Esta experiencia de sunset desde las terrazas (nido) las pueden vivir huespedes y visitantes (no huespdes).* El restaurant de sushi del hotel, es el mejor de la zona sin dudarlo. Todo es fresco y bien presentado. El cuello de atun no tiene comparacion. Es un must probarlo.* El dise√±o del hotel es fuera de serie, te hace sentir en otro mundo y te reconecta con la esencia de lo natural. La decoracion, la madera, la vegatacion, el diseno de las habitaciones es espectacular. Inclusive cuenta con una pequena exhibicion de arte que esta incluida para los huespedes. Si te gusta tomar fotos, este es un paraiso lleno de spots hermosos. Recomendado!"
Fecha de la estad√≠a: junio de 2021,50,Excelente servicio de parte de Alberto y la calidad de comida espectacular,"La comida , servicio, ambiente de restaurante espectacular. Alberto nos hizo sentir especiales recomendando las mejores cosas del menu. Inclusive nos elaboraron un platillo al gusto. No veo la hora de volver."
Fecha de la estad√≠a: junio de 2021,50,Una experiencia incre√≠ble,"El atardecer tiene algo muy especial desde los nidos, es una de las cosas que hay que hacer en tulum. Pod√©is venir el atardecer en un nido y despu√©s en otro cenar y que os atienda Luis (no hay mesero mejor que el)"
Fecha de la estad√≠a: mayo de 2021,50,Incre√≠ble ,"Experiencia m√°gica Mi estad√≠a en azulik fue maravillosa desde el principio, el recibimiento de Vicente y todo el equipo de recepci√≥n fue incre√≠ble, mis √°ngeles se encargaron de platicarme del concepto y hacernos sentir reconectados con la naturaleza, nos guiaron en todo momento y nos hicieron las mejores recomendaciones, May y Andrea jam√°s dejaron de estar al pendiente de nuestro servicio y no nos falt√≥ nada. En los restaurantes, durante la ma√±ana Juan se encarg√≥ de darnos el mejor servio y Omar por la noche en Kin toh fue m√°s que atento. Gracias a todo el equipo azulik por crear experiencias inigualables, deseamos volvernos a encontrar pronto"
Fecha de la estad√≠a: junio de 2021,50,"Un viaje inolvidable!‚Ä¶ el Hotel es una maravilla, el
Personal es tremendamente amable y eficaz , sin palabras","Nos gustar√≠a mensionar  a muchos de los que hicieron que este viaje fuera inolvidable. Jimmy nos dio el mejor servicio en restaurante y playa, Tony se desbord√≥ consiguiendo siempre lo mejor,  Rufino en laPlaya no paro de darnos el mejor y m√°s r√°pido servicio, la amabilidad es algo clave en este hotel‚Ä¶ laComida sobrepasa cualquier restaurante en el mundo, las caracter√≠sticas de ‚Äúno hay luz‚Äù ‚Äúno hay Tv‚Äù se justifican totalmente para poder realmente desconectarse‚Ä¶ el internet esta del 100!‚Ä¶ el aire acondicionado en los cuartos est√° de 100!, que mas se puede pedir?, la vista?‚Ä¶ de otro planeta! Tendr√© que agregar algo m√°s?‚Ä¶"
Fecha de la estad√≠a: junio de 2021,50,Incre√≠ble experiencia,"Fui con mi familia y amigos al lunch y Juan pech fue nuestro mesero, su trato fue incre√≠ble y muy amable. Lo recomiendo much√≠simo. Comimos muy rico y las instalaciones preciosas. Les recomiendo la hamburguesa de pichna y los minutos, adem√°s pueden entrar a la galer√≠a y a la boutique que est√° incre√≠ble."
Fecha de la estad√≠a: junio de 2021,40,Tseen ja,"Fuimos a comer con mi pareja alRestaurante tseen ja, el lugar es incre√≠ble y la atenci√≥n brindada por Jes√∫s pech fue impecable, s√∫per atento, pendiente de cada detalle. Un lugar muy recomendado para ir a disfrutar de una linda vista. Gracias a Jes√∫s Pech por su atenci√≥n"
Fecha de la estad√≠a: junio de 2021,50,El mejor restaurante de Quintana Roo,"Excelente servicio, los chef estupendos y s√∫per atentos. Todos ellos, Luciano Cahum, Miguel Menendez y H√©ctor. Tanto mi pareja como yo tenemos intolerancia al gluten y nos informaron de todo, d√°ndonos las mejores opciones, y estaba todo delicioso. Calidad de m√°xima categor√≠a y el sitio es precioso."
Fecha de la estad√≠a: mayo de 2021,50,Cena,El servicio muy bueno al igual que la comida! Nuestro mesero  Aurelio castillo nos atendi√≥ muy bien Aparte tuvimos la experiencia sunset y los tastings de mezcal y todo fue increible!S√∫per recomendado este lugar!
Fecha de la estad√≠a: mayo de 2021,50,Te seen ja,"Great place to have a great food and relax your mind, we met Alberto and Ivan and everything was perfection!Es un lugar para disfrutar y relajarte, excelente servicio. La comida es s√∫per rica!!! üòãüòÅü§§"
Fecha de la estad√≠a: mayo de 2021,50,Un sue√±o cumplido.,Una de las mejores experiencias de nuestras vidas. Gracias a Miguel Cruz y a Omar quienes hicieron de nuestra noche un sue√±o hecho realidad. El mejor cumplea√±os al lado del amor de mi vida en Kintoh. GRACIAS
Fecha de la estad√≠a: abril de 2021,50,Excelente,"Muy buena experiencia, El personal atento en todo momento,La comida exquisita y excelente presentaci√≥n, Nuestra estancia realmente fue‚Äô placenteraVolver√≠a sin dudarlo y recomiendo ampliamente Gracias por todo!"
Fecha de la estad√≠a: mayo de 2021,50,Hermoso lugar!,"Excelente lugar, la comida deliciosa, tremenda variedad de vinos, la atm√≥sfera incre√≠ble, pricey but worth it.Nuestro mesero Gilberto nos brind√≥ un excelente servicio, muy atento tiene gran conocimiento  de el men√∫, definitivamente hizo la diferencia.Seguro volveremos."
Fecha de la estad√≠a: mayo de 2021,50,Una experiencia √∫nica.,"Una gran experiencia. El servicio es excelente, la comida deliciosa, las villas espectaculares, la playa es peque√±a pero muy bonita. Vale la pena visitar este lugar y disfrutar de la tranquilidad y belleza del caribe√±o mexicano. Felicidades Azulik!"
Fecha de la estad√≠a: mayo de 2021,50,La mejor atenci√≥n al cliente de todo tulum,"La experiencia en el Azulik ha sido completa, el espacio y la atenci√≥n al cliente  han sido excepcionales . Nuestro √°ngel ‚Äúabraham‚Äù nos tuvo entre algodones. El staff de la recepci√≥n y de la playa  (mariana y El Capitan) tambi√©n fueron un amor. La experiencia de este hotel se tiene que vivir por lo menos una vez en la vida . Gracias‚ù§Ô∏è"
Fecha de la estad√≠a: mayo de 2021,50,Excelente,"Muy hermoso lugar , atm√≥sfera sensacional . La atenci√≥n espectacular, nuestro mesero Alberto nos atendi√≥ estupendo, s√∫per amable , nos explic√≥ todo muy detalladamente , siempre atento a nuestra necesidades, hasta fue con nosotros a tomarnos fotos. La comida estuvo deliciosa."
Fecha de la estad√≠a: mayo de 2021,50,Viaje Azulik,"Muy buen ambiente , el equipo de trabajo de los chef y cocineros , Luciano, Miguel y Hector estuvo excelente y los platillos s√∫per deliciosos. Recomendable al 100, los invitamos a disfrutarlo!!! Y vivir una experiencia s√∫per de lujo"
Fecha de la estad√≠a: mayo de 2021,50,√önico!,Excelente atenci√≥n por parte del equipo de azulik y experiencia √∫nica dentro del hotel. Impresionante la vista de las habitaciones. La atenci√≥n personalizada y explicaci√≥n de cada detalle no deja duda de la pasi√≥n por proveer una experiencia diferente.
Fecha de la estad√≠a: mayo de 2021,50,Visia Azulik,"increible la estancia en Azulik, una experiencia extraordinaria, atenci√≥n increible, comida fenomenal, villas, recorrido de WOW, podria seguir describiendo aqui pero no hay nada q iguale las palabras, tienes que vivirlo, si planeas un viaje nos pospongas vivir y disfrutar de la experiencia Azulik Tulum"
Fecha de la estad√≠a: mayo de 2021,40,Excelente lugar,I N C R E I B L EMagnifico lugar. La forma en que est√° hecho es maravilloso. Adem√°s el servicio excelente y lo mejor de todo fue la comida. Tanto alimentos como bebidas. Nos gusto mucho el servicio de Andy. Muy profesional. Totalmente recomendado.
Fecha de la estad√≠a: abril de 2021,50,Servicio de maravilla,Am√© el hotel. La comida es deliciosa y el servicio de los empleados es de 10. Realmente pagas por lo que vale el hotel. La experiencia en las villas incre√≠ble de verdad te logras desconectar de todo para reconectar contigo y con la naturaleza!
Fecha de la estad√≠a: mayo de 2021,50,Experiencia inolvidable!,"Las villas √∫nicas, el servicio de Tony en la playa excelente, la comida fuera de serie, la experiencia solo para conocedores, totalmente complacido, mil gracias!!!! Realmente es un servicio qu√© hay que reconocer p√∫blicamente y compartirlo para que la gente pueda conocerlo!!!"
Fecha de la estad√≠a: abril de 2021,50,Experiencia √∫nica,"Incre√≠ble hotel! El servicio es de primer nivel, la comida ni se diga! Definitivamente es un must para cualquier persona que busque relajarse, darse lujos, conectar con tu pareja, experimentar amaneceres y atardeceres √∫nicos. El staff del hotel siempre tiene una buena cara y est√°n siempre dispuestos a contribuir `para que tu experiencia sea √∫nica.M√°s que recomendado!"
Fecha de la estad√≠a: mayo de 2021,50,Cena de cumplea√±os,"Excelente servio por parte de Iv√°n Anguiano y el mejor sushi que e probado por Luciano Cahum, todo lo que probamos es de la mejor calidad y muy fresco, sin mencionar el lugar que est√° impresionante! La mejor experiencia"
Fecha de la estad√≠a: mayo de 2021,50,Excelente equipo de trabajo,"Excelente equipo de trabajo del hotel, nuestro amigo Luciano Cajun nos consinti√≥, junto con Ivan Anguiano, es un placer estar en estos lugares tan preciosos y tan exquisitos,  te sientes como en casa gracias a todo el espect√°culo de estar aqu√≠"
Fecha de la estad√≠a: mayo de 2021,50,Restaurante Tseen Ja,"Incre√≠ble hotel! Las instalaciones hermosas pero lo mejor de todo es la comida y el servicio. Nos atendi√≥ un chico llamado ivan que nos ayud√≥ bastante y fue muy atento. La comida es muy buena, hay opciones saludables Volver√≠a siempre!!"
Fecha de la estad√≠a: mayo de 2021,50,La mejor experiencia de spa y relajaci√≥n en el spa de Azulik,"Para mi cumplea√±os estuvimos de visit en Tulum y no pudimos perdernos la oportunidad de vivir la experiencia del spa de Azulik, a la entrada nos recibi√≥ la chamana Maricarmen quien con su calidez y buena vibra me llev√≥ a tener uno de los mejores momentos con una limpia de bienvenida que me hizo reconectarme. √Ångel el recepcionista nos dio la bienvenida y fue muy atento y educado explicando nuestro recorrido por el spa y nos presento a Adela quien nos llev√≥ muy amablemente con los terapeutas y nos atendi√≥ para dejar nuestra cosas en los lockers.Una vez con la terapeuta Maisi la experiencia del renacimiento maya fue incre√≠ble, tiene manos m√°gicas que hicieron que entrara en un estado de relajaci√≥n m√°ximo, me trat√≥ s√∫per lindo y me explico cada detalle de lo que √≠bamos haciendo.Definitivamente la mejor actividad para celebrar mi cumplea√±os y consentirme, sin duda regresar√≠a!"
Fecha de la estad√≠a: mayo de 2021,10,Pesimo,"Malisisma la atenci√≥n, prepotentes y traidores un personal pesimooooo nada recomendable, todo el personal te trata mal las bebidas nada buenas carisimo y no te ayudan en nada, nos levantaron la camioneta fuera de su estacionamiento sin avisar"
Fecha de la estad√≠a: abril de 2021,50,"Si vas a Azulik, no olvides ir al spa","No te puedes perder el spa, desde la recepci√≥n, √Ångel te hace sentir como en casa y siempre con una muy buena actitud. Las instalaciones de las √°reas h√∫medas respetan la hermosa arquitectura del lugar sin dejar de lado la comodidad. Realmente lo recomiendo, desde la atenci√≥n de Adela hasta el profesionalismo de Maricarmen, adem√°s de todo el equipo de profesionales siempre est√°n dispuestos a que te lleves la mejor experiencia con una sonrisa."
Fecha de la estad√≠a: abril de 2021,50,"Spa Azulik, la mejor experiencia","Fuimos a tomar un Renacimiento Maya en el SPA de Azulik y definitivamente la experiencia fue grandiosa,  desde la entrada la Chamana MariCarmen nos dio la mas atenta y calida bienvenida. Nos recibi√≥ con una limpia con incienso y palabras que salian del alma y eso se siente. La  ceremonia fue para mi muy emotiva la manera en que el terapeuta Odeth me atendi√≥ me saco las lagrimas fue delicado y amable, hizo de ese momento una maravillosa experiencia espiritual. Adelita nos atendio como reinas no menos que eso y en la recepci√≥n Angel nos cubrio con su sonrisa y atenci√≥nes para sentirnos en casa y sin ganas de querer salir de ahi ya que el lugar es increiblemente maravilloso y envuelve con su magia. Definitivamente el mejor lugar y la mejor experiencia por siempre!"
Fecha de la estad√≠a: mayo de 2021,50,Azulik,"Excelente servicio sobre todo el servicio brindado por Ivan, excelente persona, nos atendi√≥ excelente en el restaurante japon√©s, incre√≠ble, volver√≠a a venir solo por el.Muy buenas bebidas y muy rica la comida."
Fecha de la estad√≠a: mayo de 2021,50,Mejor restaurant japon√©s en M√©xico,"Esta incre√≠ble el hotel azulik.Te ofrece muchas experiencias, tanto como arquitectura, trato, atardeceres, ambiente, atm√≥sfera, etc.Tseen Ja, sin duda el mejor restaurant japon√©s qu√© hay, incre√≠ble el trato de Iv√°n Anguiana, continuaba brind√°ndonos experiencias inolvidables."
Fecha de la estad√≠a: mayo de 2021,50,LO MEJOR,"Delicioso todo y muy buena atenci√≥n!!! üëèüèª‚úåüèª bien atendidos por Ivan üëåüèª 10/10.                                                                                                    Un lugar para ir con tus amigos, familiares o tu pareja.Recomendado por si quer√©is probar algo nuevo para vuestro paladar!"
Fecha de la estad√≠a: abril de 2021,50,Kin toh,"Cena en Kin Toh!!!! Excelente servicio! La comida deliciosa y los drinks de 10! El lugar me deja sin palabras, llegamos a las 6 de la tarde y nos toco un atardecer maravilloso! Nos atendi√≥ Juan fin√≠sima persona! Lo recomiendo 100%"
Fecha de la estad√≠a: abril de 2021,50,Experiencia √∫nica ,"Es la segunda vez que acudo a este hotel , a la parte del Restaurante kin To y en verdad que he recibido una s√∫per atenci√≥n desde el Gerente Andreas hasta el mesero de nombre Santos quienes estuvieron muy pendientes de todo comimos un tartar de venado riqu√≠simo y camarones a la tumbada  excelente servicio y volver√© a regresar con m√°s familia y amigos a seguir degustando de sus ricos restaurantes, mil gracias a todo el equipo de Azulik üôèüèΩ"
Fecha de la estad√≠a: abril de 2021,50,Velada fant√°stica!,"Estuve con dos amigos, era el cumple de mi amiga, nos hac√≠a mucha ilusi√≥n venir aqu√≠ por los buenos comentarios que hay en internet y por las vistas y el lugar ya que me pareci√≥ precioso al ver las fotos de instagram. Pedimos: Lobster, pasta, tacos de jaiba, ceviche‚Äù y pulpo. Luego vino para beber, dos martinis y de toda la carta de postre pero con la excepci√≥n que nos ofrecieron un pastel personalizado para el cumplea√±os de mi amiga. Servicio de 10, el mesero Luis nos atendi√≥ muy bien, servicial y muy simp√°tico. El pastel nos dijeron que fue hecho por la chef pastelera Cindy, la verdad que nos encant√≥, pero no pudimos lamentablemente terminarlo todo ya que comimos bastante. Os recomiendo venir a este lugar y si pod√©is ir para el Sunset mucho mejor."
Fecha de la estad√≠a: abril de 2021,50,Espectacular!,"Fuimos a cenar a Kin Toh por el cumplea√±os de mi enamorado y la experiencia estuvo incre√≠ble; el lugar es realmente lindo, as√≠ como la comida. El servicio espectacular, Luis nos hizo todo un tour y nos recomend√≥ s√∫per bien la comida y los tragos. Totalmente recomendado! Ps: pregunten por Luis y pidan las almejas."
Fecha de la estad√≠a: abril de 2021,50,He venido 5 veces,"Mi lugar favorito en Tulum ! Recomendamos  a  Iv√°n Anguiano ! Un s√∫per trato , atenci√≥n ! Y toma unas fotoooooos! El atardecer aqu√≠ es espectacular !!! Un concepto √∫nico y si est√°s en tulum tienes que visitarlo !"
Fecha de la estad√≠a: abril de 2021,50,Inolvidable.,Increible experiencia! Todo! Absolutamente todo increible! Omar! Bruno! Mauricio Fernandez y Mauricio Carrillo hicieron de nuestra visita un momento memorable e inolvidable! Desde el inicio que llegamos hasta el ultimo momento! Regresamos en febrero 2022. Mil gracias! ‚ù§
Fecha de la estad√≠a: abril de 2021,50,Maravillosa Experiencia,"Este viaje fue maravilloso en particular porque pudimos disfrutar de este maravilloso lugar org√°nico, los espacios, la playa y el trato del personal fue realmente incre√≠ble. No se pueden perder la gran experiencia de cenar en su restaurante Japon√©s. Los recomiendo ampliamente!"
Fecha de la estad√≠a: abril de 2021,50,Im in love,"Es lugar es incre√≠ble  no tengo palabras para describir lo bien que me la pase, el personal del hotel es fant√°stico  el lugar y todos los spots que tiene estan muuuuyy pasdres para tomsr fotografias excelnte lugar"
Fecha de la estad√≠a: abril de 2021,50,Experiencia,"Me encanto el servicio del personal del hotel, la gente muy muy amable ,el lugar espectacular es un lugar demasiado instagrameable y algo que de verdad vale mucho la pena y lo mejor que pude visitar :)"
