Fecha de la estad√≠a: junio de 2021,40,Holbox me encanta,"Es nuestra segunda vez en el hotel Las nubes , me encanta este lugar . La ubicaci√≥n esta perfecta , pues no hay tanta gente , la playa muy tranquila y limpia . Caminar por los bancos de arena es un placer . La atenci√≥n en recepci√≥n con Aaron fue muy buena , en el bar de la playa Jos√© con su amabilidad . Las habitaciones est√°n bien , pero peque√±os detalles podr√≠an mejorarlas , como un espejo en la habitaci√≥n  y un mini refrigerador . El restaurante la comida no estuvo buena , la primera vez que estuvimos aqu√≠ la comida era mucho mejor . Comimos varios d√≠as en el hotel y la carta podr√≠a ser mejor , poca variedad . El saz√≥n no era bueno , los tacos de arrachera por ejemplo vinieron en puras tortillas y un poco de lechuga , ninguna salsa para acompa√±ar . La verdad esta es la raz√≥n porque no les doy un 5* , el restaurante estuvo malo . Ojal√° mejoren el restaurant , pues el hotel es muy agradable.‚Ä¶"
Fecha de la estad√≠a: junio de 2021,50,Recomendado!!!,"Me encant√≥ el lugar, hermosa la playa, y la atenci√≥n es muy buena, todo el equipo es muy amable, en especial Jos√©! Recomendadisimo! Lo m√°s bonito es que la playa est√° pegada al restaurante, y hay un banco de arena donde f√°cilmente se llega al final de punta mosquito."
Fecha de la estad√≠a: junio de 2021,50,La mejor atenci√≥n de mi vida üòç!,"Siempre he pensando que no se debe motivar a las personas ya que se debe contratar personas con motivaci√≥n,  Anibal, Jos√© y todo el equipo de Las Nubes de Holbox son un claro ejemplo de ello, dan una atenci√≥n al cliente inveros√≠mil y siempre dan ganas de regresar por m√°s, si no lo han visitado tienen que hacerlo üòç"
Fecha de la estad√≠a: junio de 2021,20,4 platillos en mal estado,"Nos cobraron 1200 pesos por entrar a la playa, los pagamos y luego nos dimos cuenta que nadie m√°s pagaba! Solo consum√≠a... pedimos alimentos:  Tacos de arrachera con un pelo 60% pellejos incomible Tacos de camar√≥n desabridos  Nachos: t√≥topos con una rebanada de queso gouda en microondas y jitomate picado  Ceviche de pescado: echado a perder   La soluci√≥n? Una margarita de cortes√≠a. Ten√≠amos intenci√≥n de hospedarnos pero por la p√©sima calidad de alimentos preferimos buscar otro hotel."
Fecha de la estad√≠a: mayo de 2021,50,Totalmente recomendado! ,"Excelente hotel, el servicio es espectacular y la comida muy buena y las instalaciones muy c√≥modas. Estamos muy satisfechos con nuestra estancia en Las Nubes, la ubicaci√≥n es perfecta, la mejor playa de Holbox es ah√≠. "
Fecha de la estad√≠a: abril de 2021,10,P√©sima comida y servicio ,"P√©sima la comida , pedimos ceviche y el pescado muy malo , se pidi√≥ una ensalada de la casa y no viene con lo que dice , si uno paga el day pass y √≠bamos 6 y solo te dan 2 toallas contrabajos , el servicio de Jos√© muy malo nunca se presentaba a ofrecer nada hab√≠a que llamarlo y nunca recogen la mesa  , si uno visita Holbox y quiere un club de playa no se les ocurra visitar este club de playa del hotel ."
Fecha de la estad√≠a: diciembre de 2020,30,Ubicaci√≥n privilegiada ,"El hotel est√° en una ubicaci√≥n privilegiada, es el √∫ltimo hotel de la playa y puedes caminar sin gente, una vista maravillosa!Las habitaciones est√°n un poco viejas y la comida no es nada memorable.El servicio es bueno, los espacios de las areas comunes son muy agradables as√≠ como el spa, las albercas y el club de playa.Si buscas algo exclusivo este no es el lugar, esperaba un poco m√°s."
Fecha de la estad√≠a: marzo de 2021,30,Visita en Pandemia,"Todo bien, el servicio de alimentos y bebidas no es el mejor porque algunos de los meseros son descuidados. Pero despu√©s de irme me percat√© de que me hicieron un cargo de m√°s de 8000 pesos que yo no consum√≠, y nunca fue autorizado, adem√°s al reclamarlo el Director se ofendi√≥ y fue muy grosero. Una l√°stima porque el lugar es precioso."
Fecha de la estad√≠a: marzo de 2021,50,Me olvide de todo!!,"Un lugar paradis√≠aco de verdad!! Un verdadero oasis para desconectarse un rato de toda la situaci√≥n actual. Nos dieron una suite con jacuzzi y vista al mar.... Despertar y ver ese azul deslumbrante, no tiene igual.El restaurante tambi√©n directo al mar es impresionante... Y lo mejor de todo es la atenci√≥n de Gabino, en realidad te hace sentir como en casa y tiene una atenci√≥n de diez. Super atento, amable, servicial... Sin duda el plus que se necesita para sentirse realmente en casa.Invitada a volver sin duda!!"
Fecha de la estad√≠a: marzo de 2021,50,Donde el cielo toca el mar,"Excelente hotel, hemos estado en varios en la isla y sin duda este tiene una ubicaci√≥n increible, alejado de todo, si tu plan es desconectarte, este es el lugar, tuvimos una habitaci√≥n frente al mar y nunca me hab√≠a sentido tan cerca de el, despertar y ver en tu ventana ese color azul aqua no tiene precio, principal agradecimiento a Gabino, Julio y en el club de playa a Ignacio o Nachito como ya le llamamos en confianza, lo unico faltante ser√≠a un frigobar para tener aunque sea agua fr√≠a, volveria sin dudarlo, gracias por todas sus atenciones!"
Fecha de la estad√≠a: marzo de 2021,50,Excelente hotel!!!!,"Uno de los mejores hoteles en los que he estado. Una vista hermosa, la playa con agua cristalina. Muy buen servicio al cuarto. El restaurante es muy rom√°ntico, la comida es deliciosa y el servicio es de lo mejor. Julio y Gabino son excelentes meseros, muy serviciales, atentos y con excelentes sugerencias de comida. Highly recommended!!!!"
Fecha de la estad√≠a: marzo de 2021,50,Caminando sobre las nubes ,"Necesit√°bamos urgentemente escapar un fin de semana fuera de la ciudad y decidimos que el destino fuera la isla de Holbox, elegimos el hotel las nubes para hospedarnos y no pudimos haber hecho mejor elecci√≥n, el lugar es un sue√±o, un verdadero para√≠so en la tierra, desde que llegamos al hotel nos sentimos completamente conectados con la naturaleza y con la calma de la isla, nos encant√≥ la simpat√≠a de la gente que nos atendi√≥ y consinti√≥ durante toda nuestra estancia, las caminatas en el mar bajo y trasparente, las puestas de sol sobre el mar, mientras disfrutamos de un Cocktail en la terraza del bar, anocheceres de ensue√±o, la luna llena, las estrellas y la calma, a sido el mejor viaje que hemos hecho en mucho, mucho tiempo"
Fecha de la estad√≠a: febrero de 2021,50,Excelente servicio en el restaurante,"El trato y amabilidad del personal s√∫per excelente, pero en especial el mesero Julio, su servicio es de otro nivel, s√∫per atento y amable, Julio esa es una buena actitud, felicidades, sigue as√≠. Recomiendo este hotel al 100%"
Fecha de la estad√≠a: febrero de 2021,50,Congratulations,"Fuimos a visitar Holbox y permanecimos en el club de Playa, la atenci√≥n de la Capitana Vero y su equipo fue maravillosa. Nos sentimos invitados a regresar. Felicidades por tener tan excelente personal. Gracias por esta experiencia."
Fecha de la estad√≠a: febrero de 2021,50,"Un lugar muy tranquilo y con todas las medidas necesarias, pero sobre todo la atenci√≥n de Ver√≥nica y su equipo increible","Me encanto el hotel , cuenta con las medidas necesarias y Ver√≥nica y su equipo me hicieron disfruta mi estancia, felicidades por su personal y sus atenciones.Un lugar con mucha paz , disfrute mucho mi estancia, muy recomendable, seguro regresaremos pronto"
Fecha de la estad√≠a: enero de 2021,50,Una experiencia incre√≠ble ,"La suite en que nos quedamos con vistas al mar, en mitad de selva y unos trabajadores realmente simp√°ticos! Acompa√±ados de mapaches e iguanas. Gui√±o especial a Marco Polo y sus incre√≠bles c√≥cteles en el bar superior. Volveremos!"
Fecha de la estad√≠a: diciembre de 2020,40,Nubes Holbox Dic20,"El personal en general es muy amable y servicial y los de restaurante lo son a√∫n m√°s, muchas gracias sobretodo a Jos√© Fern√°ndez que estuvo muy pendiente de atendernos.Las habitaciones son muy lindas, a mis necesidades faltar√≠a un frigobar. Las instalaciones adecuadas para descansar en sus camastros.Tiene una ubicaci√≥n incre√≠ble.Muchas gracias espero volver pronto."
Fecha de la estad√≠a: noviembre de 2020,50,Nuestro Aniversario,"Un hotel maravilloso con todas las medidas necesarias para que tu Estancia sea √∫nica... ecol√≥gico , pero a la vez dise√±ado para que tengas una estancia confortable, r√∫stico y a la vez lujoso, muy amplio con todos los servicios y aunque las habitaciones no tienen televisi√≥n pero eso es parte de lo que el hotel trata de conservar en su filosof√≠a  que tengamos una ""desconexi√≥n para un verdadero descanso"" y eso fue lo que hicimos nosotros realmente disfrutamos el hotel...A pesar de que hay muchos otros hoteles este hotel es el √∫nico qu√© tiene un acceso directo a la playa , unas vistas para atardeceres y amaneceres incre√≠bles ,alberca ,spa , un lugar verdaderamente para descansar .La Isla Hol box y este hotel se han convertido en uno de nuestros lugares favoritos solo el √∫nico inconveniente (si le puedo llamar as√≠ ) es que est√° retirado del centro pero es parte de la desconexi√≥n.Felicidades a todos los que trabajan este hotel desde la recepci√≥n (Eduardo,Giovanni, y les chicas) y todos aquellos que nos atendieron en el restaurante ( √Ångel, Daniel, Marco Juan, To√±o)y hasta qui√©n nos hacia el aseo que tuvo un excelente detalle para nosotros ... no nos queremos ir. Hotel las nubes de holbox cumpli√≥ todas nuestras expectativas y las supero üòÅüòÅüëèüëèüëèüëè"
Fecha de la estad√≠a: noviembre de 2020,50,Excelente hotel ,Sin duda es la mejor opci√≥n de estancia en holbox... Un hotel sumamente tranquilo para relajarte y disfrutar su playa.la Habitaci√≥n q me asignaron estupenda.... Y todo su personal super atentos desde las personas q te atienden en la recepci√≥n hasta las Camaristas. Mil gracias a sarahi. Giovani. Eduardo. Raymond. Israel y los. Chicos del bar q no recuerdo sus  nombres..... Algo q se puede mejorar son los alimentos.. Un men√∫ con m√°s opciones y un poco m√°s vastos fuera de ah√≠ super super recomendable.... Sin duda regresaremos a esa bella isla llena de. Gente hermosa
Fecha de la estad√≠a: octubre de 2020,50,Las nubes estancia c√°lida! ,"Nos hospedamos por una semana,el personal se porto incre√≠ble. Mi familia y yo nos sentimos como en casa, el personal en general nos sorprend√≠o los meseros y gente del restaurante as√≠ como recepci√≥n y mantenimiento  su atenci√≥n fue muy c√°lida. GRACIAS  al mesero Darwin Le√≥n y Hanzel. La comida tiene un muy buen sabor,las instalaciones muy c√≥modas. Definitivamente regresariamos a sentirnos en las nubes!"
Fecha de la estad√≠a: octubre de 2020,50,Te hacen sentir en las nubes.,"Tuvimos la oportunidad de hospedarnos en este maravilloso hotel. Desde que llegamos el trato del personal fue incre√≠ble. Nuestra habitaci√≥n no estaba lista  porque llegamos antes de la hora del check in  pero nos ofrecieron dejar nuestras cosas en recepci√≥n y pasar al bar a disfrutar de una bebida de cortes√≠a para hacer la espera mas amena. Desde que llegas se respira un ambiente de tranquilidad, las vistas hacia el mar y al banco de arena te dejan boquiabierto. La habitaci√≥n cuenta con todos los b√°sicos, (excepto televisi√≥n), cuentan con wifi, y aunque en general el internet de la isla es muy malo, logras hacer uso de el sin problemas. El desayuno est√° incluido o si deseas tambi√©n puedes pedir a la carta. El desayuno incluye jugo, caf√©, fruta, huevo al gusto y pan dulce reci√©n hecho. Si tienen oportunidad de cenar ah√≠ se los recomendamos 100%, la comida y la cocteler√≠a est√°n a un nivel excepcional. Adri el encargado de alimentos y bebidas tuvo un trato ejemplar con nosotros, En general todo el staff es sumamente servicial y amable, siempre te saludan y sonr√≠en incluso con varios de ellos tuvimos la oportunidad de tener conversaciones y son excelentes personas que hacen la experiencia a√∫n mejor. El hotel cuenta con diferentes actividades, una noche pudimos organizaron una ceremonia del cacao en el rooftop viendo el atardecer mas incre√≠ble  y tambi√©n pudimos visitar su club de playa, las bebidas son un poco caras pero vale la pena tomarte unas dos para disfrutar del lugar. Seguro volveremos."
Fecha de la estad√≠a: septiembre de 2020,50,Incre√≠ble!!,"100% recomendado, el personal es muy amable, las instalaciones s√∫per bonitas, la playa es lo m√°s incre√≠ble!!! Esta un poco lejos del centro pero sin problema te transportas en bici o taxi (carritos de golf). Me encant√≥, definitivamente volver√≠a mil veces"
Fecha de la estad√≠a: septiembre de 2020,20,Aniversario ,"Holbox es un lugar paradis√≠aco que hemos visitado var√≠as veces, hosped√°ndonos en muy buenos hoteles. En esta ocasi√≥n y por ser nuestro aniversario No 24 decidimos escoger un hotel diferente y bien clasificado. Optamos por Las Nubes.El hotel est√° ubicado en una de las mejores √°reas de la isla, es muy bonito y tiene un concepto ecol√≥gico. Reservamos una Junior Suite con vista al mar. Al realizar el Check in, nos atendi√≥ un chico de nombre Giovani, al que le pregunt√© cu√°l era la Ocupaci√≥n del hotel y Me contest√≥ que estaba pr√°cticamente vac√≠o con el 30% de ocupaci√≥n. Al hacer el check in, no nos dio mucha informaci√≥n, ni clave del wifi ni que ten√≠amos unas bebidas de cortes√≠a. Al llegar a la habitaci√≥n vimos que nos hab√≠an asignado un cuarto en el Primer piso junto a la alberca, pero hab√≠a un grupo de parejas muy animadas en la alberca por lo que solicit√© que si me pod√≠an dar otra habitaci√≥n para tener un poco m√°s de privacidad. Aclaro, que ya me hab√≠an comentado la baja ocupaci√≥n del hotel. El mismo chico de la recepci√≥n me inform√≥ que solo me pod√≠an cambiar a una master suite pero que ten√≠a que pagar una diferencia de casi $2,000.00 por noche. Le respond√≠ que el costo que estaba pagando ya era alto por lo que no quer√≠a una master suite , que Mejor me diera otro cuarto. Me comentaron que me pod√≠an dar uno sin vista al mar y de menor costo al que yo hab√≠a reservado pero que no me pod√≠an reembolsar la diferencia. √ìsea!!!, si me daban un mejor cuarto ten√≠a que pagar la diferencia, pero siMe daban uno de menor precio noMe reembolsaban nada, ni siquiera en consumo en el hotel.Finalmente y despu√©s de casi una hora y media, otro chico m√°s amable me inform√≥ que Me pod√≠an cambiar a la habitaci√≥n 29.La cual lo tiene, literal NINGUNA VISTA. Ya por cansancio decidimos quedarnos en ese cuarto, el cual honestamente estaba muy lejos de mi expectativa y de lo que estaba pagando. Es un cuarto grande pero muy simple. Tuvimos que solicitar que arreglaran la regadera ya que sal√≠a muy poca agua. El cuarto 29 es literal el  √∫ltimo del hotel, no hay se√±al de tel√©fono ni llega el wifi y al no haber tel√©fono en el cuarto no Puedes solicitar nada. Con la ocupaci√≥n que ten√≠a el hotel, creo que pudieron optar Por ofrecernos un mejor trato.Un d√≠a antes de nuestra salida solicit√© en recepci√≥n (al Mismo recepcionista Giovani) una extensi√≥n de 2 horas para el check out debido a que ten√≠amos una excursi√≥n de pesca. (Nuevamente, hotel con muy baja ocupaci√≥n ) y me contesto que solo me la pod√≠an dar si no hab√≠a una reservaci√≥n de √∫ltima hora en la madrugada...?????? Y que ten√≠a que regresar a las 12 del d√≠a a preguntar. Finalmente, Al hacer el check out me, una vez m√°s con el mismo chico de recepci√≥n, me paso una cuenta de consumos la cual no cuadraba. Despu√©s de que la revisaran varias veces detectamos que hab√≠an metido una cuenta de otro cuarto, pero a√∫n quitando esta, la suma segu√≠a sin cuadrar. Al no cu√°drales los n√∫meros me dijeron que la diferencia se deb√≠a a que al hacer el check inn a nuestra llegada no me hab√≠an cobrado el tipo de cambio adecuado, ped√≠ que me explicaran con exactitud el origen de la diferencia pero se limitaban a decir que eran cuestiones del tipo de cambio.Tuvimos una discusi√≥n y finalmente optaron por no cobrar la supuesta diferencia de $790.00En resumen, el personal de recepci√≥n... NEFASTO, Que falta de empat√≠a!!!!. Tuvieron la oportunidad de tener un cliente contento y repetitivo, pero en su lugar tuvieron un cliente sumamente decepcionado que no recomendara su hotel.Lo rescatable fue la amabilidad de sus meseros, sobretodo Luis.Sin duda regresar√© a Holbox, pero no a Las Nubes."
Fecha de la estad√≠a: septiembre de 2020,30,Del cielo al infierno,"El hotel cuenta con la mejor ubicaci√≥n de Holbox. Su playa es realmente bonita y cuando la marea baja, se forma una franja en medio del mar en donde puedes dar paseos espectaculares. Las habitaciones necesitan una remodelaci√≥n, por lo menos la que nos toc√≥, ya que las siento descuidadas tanto en mobiliario como en su decoraci√≥n. El que no tengan televisi√≥n no importa, pero tampoco tienen Internet y la se√±al del celular es muy d√©bil, por lo que pr√°cticamente est√°s incomunicado. El restaurante est√° agradable aunque muy caro, el guacamole, a pesar de que se le conoce como el oro verde, no lo puedes cobrar a 200 pesos? Los meseros del restaurante y del club de playa son realmente atentos y eficientes. Hasta ahora, pese a los detalles que mencion√©, nos sent√≠amos en el cielo hasta que tuvimos que tratar con el personal de la recepci√≥n en donde pasamos del cielo al infierno en unos cuantos segundos. A nuestra llegada, a la pareja que ven√≠a con nosotros, y que hab√≠a contratado una habitaci√≥n con vista al mar, les dieron un cuarto con vista a una alberca elevada y ubicada a tres metros que pr√°cticamente invad√≠a su privacidad. Solicitaron el cambio y les informaron que les pod√≠an dar uno con vista pero con costo extra o un cuarto con vista al jard√≠n de menor categor√≠a pero pagando la misma tarifa. Si es para arriba pagas y si es para abajo te friegas, a√∫n cuando el hotel se encontraba al 30% de ocupaci√≥n. Acabaron aceptando uno sin vista pero m√°s privado. Para el √∫ltimo d√≠a, solicitamos con antelaci√≥n una extensi√≥n de tiempo de dos horas para dejar el cuarto porque nos √≠bamos de pesca a las 7 am. Ah√≠ es cuando Giovanni, el recepcionista, hizo acto de presencia con un razonamiento err√°tico y cargado de ineptitud. Nos coment√≥ que no nos pod√≠a confirmar la extensi√≥n de tiempo pero que regres√°ramos a las 11am para checar. Le dijimos que desde las 7am √≠bamos a estar a 30 millas de la costa pescando y que nos era imposible presentarnos. Giovanni mir√≥ al techo unos quince segundos y contest√≥ ""pues entonces vengan a las 10am para confirmar"". Despu√©s de explicarle con peras y manzanas el porqu√© no pod√≠amos presentarnos a esa hora acept√≥ a rega√±a dientes nuestra petici√≥n. A nuestra salida pedimos la cuenta a Giovanni y hab√≠a una diferencia de m√°s de mil pesos. Revisamos los bouchers uno a uno mientras Giovanni se desconcentraba mirando al techo y nunca nos pudo aclarar el porqu√© estaba cobrando de m√°s. Tuvimos que solicitar la presencia de otra persona para aclarar la situaci√≥n y para nuestra sorpresa nos comentaron que a nuestra llegada nos hab√≠an cobrado mal. Despu√©s de otra acalorada discusi√≥n por fin aceptaron su error y descontaron la diferencia. Un cliente apapachado siempre regresar√° y recomendar√°. Un empleado puede aportar mucho pero tambi√©n puede ser realmente nocivo para la empresa. Hay que tener mucho cuidado a quien contratan porque para tener un extraordinario lugar hay que contar con extraordinario personal."
Fecha de la estad√≠a: agosto de 2020,40,¬°Un paseo por Las Nubes!,"Ten√≠a en la mira este hotel y la experiencia fue incre√≠ble. Pagas por la excelente locaci√≥n y ubicaci√≥n que ofrece: un pedazote de mar insuperable, unos ocasos que ni Hollywood los tiene y una habitaci√≥n para quedarte a vivir. Las amenidades me parecieron cortas, pero se justifican en el concepto Eco-Luxury. ¬øHan podido nadar desnudos bajo la luz de la luna? ¬ø de d√≠a caminar sobre el agua cual Cristo? Este esel lugar. Un must to do del Caribe Mexicano,"
Fecha de la estad√≠a: agosto de 2020,50,Excelente Hotel con Excelente Servicio,Es un muy buen hotel ubicado en una zona prodigiosa dentro del destino de La Isla de Holbox. Los alimentos son variados y muy ricos y pueden competir por cualquier alimento en los restaurantes del centro. Las amenidades e instalaciones son muy lindas y la playa es una maravilla. No tenia que haber pagado el tour de biluminicencia si frente al hotel en la playa lo hay.
Fecha de la estad√≠a: julio de 2020,50,Excelente lugar para descansar,"El Hotel muy bonito y las habitaciones muy c√≥modas,tiene la fortuna de estar alejado de todo el bullicio. Muy natural y es totalmente para relajarse, un restaurante con comida deliciosa. Tiene todos los elementos para hacer actividades acu√°ticas (Kayaks) y bicicletas para poderconocer parte de la isla. EL personal que te atiende es excelente, servicial, muy atentos, y con una tremenda actitud que le har√°n sentirse como en casa"
Fecha de la estad√≠a: agosto de 2020,50,El mejor hotel de holbox,"Nuestra segunda vez en este hotel y lo recomendamos 100%, muy limpio, personal atento y amable, los desayunos incluidos riquisimos su pan recien horneado en las ma√±anas esta delicioso, esta vez viajamos con nuestros hijos de 7 y 9 a√±os y la pasaron increible, la parte de la playa es la mejor de todos los hoteles en holboxRegresamos a casa felices!"
Fecha de la estad√≠a: julio de 2020,50,El mejor hotel en Holbox! Espectacular en todos los sentidos!,"Estuvimos a finales de julio. Es la segunda ve que voy al hotel y la atenci√≥n es impecable. Tanto la de las reservaciones (Sylvia) como los chicos de recepci√≥n (Hansel, Giovanni y Eduardo) nos atendieron con un excelente servicio, y no s√≥lo eso, fueron m√°s all√° y nos dieron una sorpresa! S√∫per recomendable ir en esta √©poca pues tienen bastantes cuidados con el tema del COVID. El hotel es impresionante!! El mejor spot en Holbox sin duda se lo lleva Las Nubes. Es un hotel con √°ngel y te sientes en el cielo!"
Fecha de la estad√≠a: julio de 2020,40,"Recepci√≥n 10, restaurante 6","Servicio en recepci√≥n excelente. Ah√≠ un 10. El servicio de restaurante regular. Lento, pocas opciones de men√∫. El mesero era muy metiche y poco educado. Nos cancelaba platillos sin avisar.Falta remodelar instalaciones"
Fecha de la estad√≠a: agosto de 2020,50,Covid 2020,Felicitaciones a todo el equipo de hotel cumpliendo los protocolos de higiene. Hermoso hotel. Situaci√≥n privilegiada! Servicio impecable Hansel Giovanni Silvia Eduardo Deliciosos platillos mexicanos de todos los colores y sabores Playas en el banco de arena
Fecha de la estad√≠a: julio de 2020,50,Excelente servicio,"Es impresionante el servicio que tienen todos los empleados del hotel. Una atenci√≥n incre√≠ble. Fue un viaje padrisimo. Comimos delicioso durante todo el viaje, todo estuvo Incre√≠ble. Una ubicaci√≥n √∫nica. "
Fecha de la estad√≠a: julio de 2020,50,El mejor hotel de la isla !!,"Fuimos justo a la reapertura  !! Todo perfecto , la playa y el servicio de primera ,  todo funciona con relativa normalidad y se cumplen todas las medidas sanitarias !! La isla operando con normalidad la carretera y el cruce en lancha sin problema  La playa muy tranquila ."
Fecha de la estad√≠a: julio de 2020,50,El mejor Hotel e HolBox,"Viajamos justo a la reapertura de la isla el 1 de Julio, desde Gdl y todo en orden, el hotel vale la pena, la playa muy bonita y tranquila justo enfrente tiene un banco de arena que se puede camniar y la ocnvierte en algo muy tranquilo. El hotel y personal cuida mucho las medidas sanitarias para evitar cualquier contagio, al igual que toda la isla, que opera con regularidad."
Fecha de la estad√≠a: julio de 2020,50,EL MEJOR HOTEL DE HOLBOX!!!,"Simplemente  espectacular, lleno de peque√±os detalles,  frente al mart tiene un banco de arena de 42 km, que lo convierte en una de las playas mas seguras y bonitas que hemos estado. Decidimos Viajar CON MUCHA PRECUACION pues fue nuetro primer viaje despues de la pandemia y TODO EN ORDEN, desde el aeropuerto de siguen los protocolos de seguridad, el cruce tanto por el ferry como en lancha sin mayor problema y ya en el hotel se siguen todos los protocolos El pueblo operando con regularidad y sobre todo con seguridad, en mi opinion es buen momento para venir !!"
Fecha de la estad√≠a: agosto de 2020,50,Covid 2020,Felicitaciones a todo el equipo de hotel cumpliendo los protocolos de higiene. Hermoso hotel. Situaci√≥n privilegiada!Servicio impecableHansel Giovanni Silvia EduardoDeliciosos platillos mexicanos de todos los colores y saboresPlayas en el banco de arena
Fecha de la estad√≠a: julio de 2020,50,Excelente servicio,"Es impresionante el servicio que tienen todos los empleados del hotel. Una atenci√≥n incre√≠ble. Fue un viaje padrisimo. Comimos delicioso durante todo el viaje, todo estuvo Incre√≠ble. Una ubicaci√≥n √∫nica."
Fecha de la estad√≠a: julio de 2020,50,El mejor hotel de la isla !!,"Fuimos justo a la reapertura  !! Todo perfecto , la playa y el servicio de primera ,  todo funciona con relativa normalidad y se cumplen todas las medidas sanitarias !! La isla operando con normalidad la carretera y el cruce en lancha sin problema La playa muy tranquila ."
Fecha de la estad√≠a: julio de 2020,50,El mejor Hotel e HolBox,"Viajamos justo a la reapertura de la isla el 1 de Julio, desde Gdl y todo en orden, el hotel vale la pena, la playa muy bonita y tranquila justo enfrente tiene un banco de arena que se puede camniar y la ocnvierte en algo muy tranquilo.El hotel y personal cuida mucho las medidas sanitarias para evitar cualquier contagio, al igual que toda la isla, que opera con regularidad."
Fecha de la estad√≠a: julio de 2020,50,EL MEJOR HOTEL DE HOLBOX!!!,"Simplemente  espectacular, lleno de peque√±os detalles,  frente al mart tiene un banco de arena de 42 km, que lo convierte en una de las playas mas seguras y bonitas que hemos estado.Decidimos Viajar CON MUCHA PRECUACION pues fue nuetro primer viaje despues de la pandemia y TODO EN ORDEN, desde el aeropuerto de siguen los protocolos de seguridad, el cruce tanto por el ferry como en lancha sin mayor problema y ya en el hotel se siguen todos los protocolosEl pueblo operando con regularidad y sobre todo con seguridad, en mi opinion es buen momento para venir !!"
